Suburbs,Mar 2000,Jun 2000,Sep 2000,Dec 2000,Mar 2001,Jun 2001,Sep 2001,Dec 2001,Mar 2002,Jun 2002,Sep 2002,Dec 2003,Mar 2003,Jun 2003,Sep 2003,Dec 2003,Dec 2003,Mar 2004,Jun 2004,Sep 2004,Dec 2004,Mar 2005,Jun 2005,Sep 2005,Dec 2005,Mar 2006,Jun 2006,Sep 2006,Dec 2006,Mar 2007,Jun 2007,Sep 2007,Dec 2007,Mar 2008,Jun 2008,Sep 2008,Dec 2008,Mar 2009,Jun 2009,Sep 2009,Dec 2009,Mar 2010,Jun 2010,Sep 2010,Dec 2010,Mar 2011,Jun 2011,Sep 2011,Dec 2011,Mar 2012,Jun 2012,Sep 2012,Dec 2012,Mar 2013,Jun 2013,Sep 2013,Dec 2013,Mar 2014,Jun 2014,Sep 2014,Dec 2014,Mar 2015,Jun 2015,Sep 2015,Dec 2015,Mar 2016,Jun 2016,Sep 2016,Dec 2016,Mar 2017,Jun 2017,Sep 2017,Dec 2017,Mar 2018,Jun 2018,Sep 2018,Dec 2018,Mar 2019,Jun 2019,Sep 2019,Dec 2019,Mar 2020,Jun 2020,Sep 2020,Dec 2020,Mar 2021,Jun 2021,Sep 2021,Dec 2021,Mar 2022,Jun 2022,Sep 2022,Dec 2022,Mar 2023
Albert Park-Middle Park-West St Kilda,1143,1134,1177,1178,1208,1245,1244,1293,1332,1350,1415,1431,1422,1396,1315,1280,295,1270,1236,1221,1236,1262,1278,1280,1228,1124,1065,1003,909,859,865,838,868,882,883,908,936,921,917,923,929,956,954,978,961,927,914,902,923,965,976,993,958,971,966,952,1005,1012,1031,1018,983,942,925,913,941,961,970,971,921,910,892,896,902,891,920,913,925,905,886,857,847,855,830,805,852,902,940,943,910,867,855,881,832,786
Armadale,733,737,738,739,718,704,718,764,774,783,773,724,747,750,754,754,240,728,700,698,713,683,706,711,679,666,665,671,682,659,642,621,626,643,671,623,623,589,542,589,596,589,600,620,616,651,660,638,631,610,609,596,607,618,622,634,641,659,677,672,677,680,663,663,659,653,659,673,660,681,690,829,922,964,989,888,826,794,739,758,776,753,783,711,730,793,819,860,817,805,851,852,840,751
Carlton North,864,814,799,736,718,685,668,666,626,647,644,670,685,704,691,676,290,662,650,635,633,622,617,670,650,630,607,582,584,536,527,501,483,477,486,493,517,509,516,503,496,487,483,505,515,544,527,526,521,476,490,501,488,506,522,509,524,546,544,540,527,535,529,541,561,544,544,529,509,501,484,482,500,500,507,523,490,482,495,486,523,547,545,525,547,577,603,613,598,581,535,547,546,490
Carlton-Parkville,1339,1304,1300,1320,1273,1307,1297,1267,1305,1262,1267,1227,1297,1333,1362,1411,284,1540,1554,1719,1756,1979,2108,2151,2234,2526,2528,2566,2604,2598,2665,2634,2553,2353,3391,3530,3617,4459,3433,3611,3614,3369,3350,3221,3179,3266,3345,3497,3567,3864,3782,3806,3883,3855,3848,3848,3776,4005,4162,4400,4534,4652,4849,4860,5110,5390,5206,5194,4964,4631,4638,4782,4693,4491,4416,4339,4437,4313,4451,4520,4662,5234,5065,4646,4767,4176,4838,5184,5384,6143,6018,6871,6627,6690
CBD-St Kilda Rd,2132,2264,2358,2361,2591,2603,2749,3069,3316,3418,3393,3404,3755,3948,4093,4118,300,4151,4134,4253,4341,4363,4574,4791,4907,5071,5009,5015,5137,5191,5321,5198,5043,4925,5024,5214,5308,5260,5168,5352,5412,5612,5628,5703,5959,6247,6210,6073,6077,6226,6404,6566,6627,6932,7284,7614,7875,8337,8437,8785,9093,9864,9953,10429,10410,9965,9938,10010,10007,10433,10798,10769,10741,10464,10047,10187,10144,10522,10798,10839,10859,10949,11136,11343,13452,15629,17754,18048,17633,17845,16792,18284,17627,17426
Collingwood-Abbotsford,652,653,700,709,746,747,723,732,713,708,711,706,718,723,725,734,265,744,715,710,732,769,796,825,837,790,801,766,730,703,666,650,666,661,722,736,719,697,637,646,627,649,694,690,739,784,772,787,761,721,726,730,706,712,723,857,1029,1316,1483,1695,1714,1617,1632,1691,1870,2180,2206,2093,2064,1979,1993,1925,1873,1842,1846,1875,1866,1908,1900,1915,2032,1956,2006,1997,2093,2330,2499,2555,2506,2353,2307,2517,2365,2163
Docklands,-,10,-,-,-,-,-,-,31,77,154,342,461,538,599,498,350,581,647,682,771,812,829,891,961,1033,1099,1105,1035,1010,1040,1084,1122,1064,1002,972,986,1007,1042,1067,1092,1171,1155,1131,1104,1047,1011,1063,1134,1266,1337,1587,1730,1762,1851,1770,1795,1999,1966,1886,1780,1614,1698,1694,1673,1770,1741,1826,2047,2319,2445,2656,2811,2793,2756,2641,2405,2288,2338,2386,2358,2274,2245,2488,3018,3532,3872,3639,3499,3188,3006,3126,2912,2726
East Melbourne,493,488,514,503,495,485,536,543,579,583,538,540,523,548,534,524,300,500,476,481,478,557,737,849,869,812,678,606,617,619,580,532,506,505,523,534,544,530,519,548,577,638,658,647,628,585,584,553,560,547,505,505,472,479,503,534,556,567,550,515,502,485,507,508,520,498,478,493,502,539,541,525,494,464,458,475,499,516,541,594,626,638,633,567,551,574,605,605,610,610,581,589,571,514
East St Kilda,1753,1734,1710,1641,1581,1549,1530,1543,1613,1630,1628,1594,1608,1618,1644,1653,210,1620,1562,1593,1598,1527,1558,1529,1500,1500,1482,1477,1469,1440,1455,1377,1388,1393,1407,1448,1443,1477,1469,1485,1484,1509,1531,1556,1596,1609,1624,1606,1614,1644,1664,1697,1715,1726,1717,1763,1774,1771,1781,1749,1770,1766,1793,1804,1786,1789,1750,1744,1720,1723,1706,1731,1794,1778,1772,1713,1683,1678,1691,1662,1628,1641,1628,1603,1617,1689,1742,1810,1878,1850,1910,1980,1937,1782
Elwood,1745,1680,1677,1714,1731,1774,1843,1830,1870,1885,1875,1904,1916,1900,1859,1869,240,1856,1814,1823,1824,1811,1859,1855,1853,1784,1747,1737,1673,1715,1682,1660,1654,1631,1662,1686,1681,1685,1696,1666,1714,1682,1698,1743,1780,1784,1769,1752,1702,1738,1753,1783,1786,1812,1827,1830,1894,1857,1831,1820,1889,1893,1910,1885,1797,1826,1797,1802,1777,1754,1749,1742,1731,1699,1643,1614,1566,1571,1633,1620,1630,1582,1568,1540,1598,1678,1691,1732,1721,1696,1678,1700,1644,1540
Fitzroy,618,656,650,675,691,650,656,650,651,665,671,655,667,650,634,639,300,628,631,639,650,620,637,640,651,616,588,574,556,574,560,548,521,535,571,580,579,551,522,517,562,605,625,647,630,637,692,689,701,684,665,710,726,726,696,668,675,658,681,691,735,719,702,710,678,785,797,774,736,666,633,601,615,628,631,655,651,645,646,640,645,607,653,681,809,898,912,928,855,865,864,884,891,813
Fitzroy North-Clifton Hill,1121,1132,1142,1148,1137,1118,1081,1054,1036,1044,1067,1077,1098,1083,1092,1101,280,1087,1089,1047,1050,1026,1049,1091,1026,972,917,880,862,853,856,825,847,846,838,860,860,860,840,847,862,843,879,899,890,919,911,888,912,963,1060,1092,1076,1065,1012,1033,1053,1071,1071,1096,1108,1097,1108,1078,1099,1122,1146,1175,1203,1161,1127,1128,1089,1051,1029,988,1001,1078,1106,1133,1121,1090,1077,993,1056,1183,1221,1279,1283,1233,1230,1258,1226,1088
Flemington-Kensington,987,1004,1031,1020,996,978,949,967,1022,1034,1047,1031,1056,1105,1109,1167,250,1198,1143,1184,1158,1120,1113,1079,1092,1108,1145,1214,1189,1135,1144,1075,1034,1042,1085,1142,1229,1161,1093,1082,1069,1147,1220,1246,1353,1424,1399,1390,1298,1261,1301,1474,1591,1687,1693,1566,1535,1572,1565,1562,1529,1569,1586,1587,1584,1532,1529,1549,1532,1477,1430,1506,1566,1581,1613,1534,1611,1655,1686,1694,1551,1509,1474,1385,1453,1548,1731,1883,1919,1875,1769,1714,1664,1537
North Melbourne-West Melbourne,936,958,986,999,1051,1030,1006,971,922,919,910,919,918,933,972,1031,270,1077,1083,1139,1122,1242,1314,1328,1414,1335,1300,1275,1187,1289,1336,1389,1426,1270,1210,1219,1180,1269,1262,1264,1293,1476,1477,1513,1594,1639,1728,1809,1848,1965,2013,2003,2072,2032,2009,2026,2021,2115,2106,2181,2178,2452,2502,2472,2464,2412,2617,2913,3013,2992,2818,2761,2826,2698,2834,2803,2744,2750,2633,2725,2914,3443,3513,3287,3408,3376,3844,4106,4093,4248,4005,4159,4156,4018
Port Melbourne,744,725,776,840,854,909,899,902,1014,1058,1158,1158,1073,1074,1078,1146,360,1266,1279,1354,1416,1445,1468,1398,1288,1166,1168,1165,1236,1301,1338,1331,1269,1240,1221,1248,1263,1217,1209,1196,1216,1322,1372,1416,1361,1322,1293,1299,1308,1351,1327,1298,1435,1515,1541,1566,1492,1425,1439,1458,1425,1381,1401,1405,1422,1412,1414,1370,1352,1359,1345,1323,1338,1354,1343,1338,1305,1277,1215,1197,1201,1206,1322,1345,1475,1577,1540,1508,1437,1392,1358,1398,1311,1187
Prahran-Windsor,1671,1669,1758,1718,1653,1689,1590,1625,1734,1683,1733,1733,1778,1801,1762,1793,260,1769,1759,1801,1772,1723,1753,1715,1683,1624,1618,1609,1590,1606,1584,1517,1534,1483,1510,1571,1608,1627,1642,1659,1657,1795,1805,1843,1846,1901,1910,1938,1918,1848,1862,1959,2152,2370,2453,2596,2622,2682,2725,2608,2646,2653,2638,2700,2632,2656,2668,2657,2625,2578,2492,2472,2484,2451,2488,2398,2366,2313,2394,2511,2521,2518,2453,2348,2419,2465,2563,2619,2657,2692,2749,2848,2767,2547
Richmond-Burnley,1955,2062,2147,2122,2144,2113,2100,2139,2112,2141,2088,2087,2158,2145,2183,2198,285,2167,2115,2118,2131,2093,2148,2116,2061,2133,2158,2140,2110,1962,1878,1854,1854,1949,2044,2086,2103,1978,1936,1898,1939,2097,2102,2143,2119,2030,1987,2038,2151,2286,2443,2539,2554,2574,2630,2663,2712,2793,2708,2713,2725,2667,2797,2811,2794,2792,2727,2707,2781,2869,2860,2868,2725,2647,2729,2815,2959,2968,2908,3010,3009,3027,2992,2738,2862,3173,3436,3508,3484,3338,3203,3239,3122,2930
South Melbourne,538,526,562,621,651,713,706,676,663,605,613,604,630,667,681,697,320,690,710,725,732,765,768,760,734,728,744,768,769,743,710,673,680,698,683,693,661,636,629,622,664,666,681,711,710,763,785,767,771,727,742,746,752,820,802,952,1151,1243,1262,1177,1042,978,1078,1129,1105,1119,1050,980,1015,1068,1048,1078,1096,1167,1237,1289,1268,1152,1135,1091,1087,1088,1051,1026,1094,1219,1344,1369,1373,1352,1361,1434,1396,1311
South Yarra,2410,2414,2434,2479,2501,2501,2476,2467,2523,2560,2651,2664,2686,2718,2763,2794,260,2848,2713,2638,2571,2486,2559,2536,2500,2426,2359,2299,2330,2280,2341,2273,2228,2261,2233,2227,2231,2174,2095,2149,2196,2239,2420,2569,2614,2643,2584,2591,2702,2928,3275,3354,3362,3344,3179,3344,3556,3594,3714,3603,3489,3594,3523,3775,3955,4208,4209,4060,3929,3805,3866,3794,3759,3626,3551,3626,3592,3625,3613,3599,3731,3903,3923,3831,4004,4336,4708,4757,4698,4728,4500,4787,4590,4012
Southbank,602,697,703,721,704,728,785,830,811,797,907,989,1061,1049,1007,1030,355,1295,1344,1379,1420,1477,1528,1689,1786,1671,1797,1748,1635,1528,1401,1370,1354,1344,1373,1307,1321,1302,1319,1504,1564,1754,1743,1665,1666,1652,1690,1628,1693,1688,1693,1719,1738,2002,2471,2788,2808,2678,2432,2636,2814,2946,2942,2734,2856,3107,3233,3355,3171,3001,2897,2676,2773,2933,3194,3529,3521,3419,3242,3267,3400,3558,3902,4452,5302,6021,6284,5861,5359,4928,4609,4722,4659,4567
St Kilda,2557,2659,2675,2729,2814,2812,2863,2848,2725,2779,2832,2804,2872,2837,2810,2847,240,2855,2792,2826,2865,2784,2844,2845,2695,2658,2651,2613,2723,2762,2691,2626,2499,2411,2436,2469,2532,2590,2599,2579,2603,2566,2579,2629,2663,2646,2616,2696,2698,2780,2826,2817,2934,2915,3042,3089,3071,3138,3077,3053,3052,3058,3034,2987,2941,2990,3108,3194,3172,3215,3177,3072,3011,2883,2794,2811,2833,2796,2858,2842,2921,2940,2914,2838,2949,3083,3173,3240,3246,3269,3203,3286,3070,2726
Toorak,925,940,964,946,942,916,891,897,886,866,866,862,890,865,874,844,260,814,824,813,825,832,842,847,821,774,762,715,731,725,689,698,696,689,737,743,749,728,718,728,705,706,698,716,757,770,774,777,790,787,790,739,725,765,789,845,815,828,811,792,816,778,775,754,760,782,793,814,794,776,789,774,797,788,766,769,764,763,760,746,724,709,709,711,705,711,685,648,655,701,731,813,818,738
Group Total,25927,26260,26808,26927,27206,27261,27313,27735,28258,28494,28941,29125,30019,30385,30541,30804,277,31346,30970,31478,31794,31998,33085,33596,33469,33147,32888,32528,32358,32088,31971,31274,30851,30302,31712,32289,32690,33227,31803,32435,32871,33878,34352,34791,35280,35790,35785,35907,36280,37325,38243,39214,40089,41188,42180,43447,44380,45866,46053,46650,47028,47940,48545,49130,49617,50493,50580,50883,50494,50437,50418,50390,50540,49693,49563,49723,49456,49418,49668,50092,50766,52027,52422,51860,56761,61470,66804,67695,66615,66559,64115,67889,65571,62342
Balwyn,824,817,812,840,863,836,826,832,844,864,898,857,864,878,837,865,280,864,815,796,775,728,758,778,746,726,692,645,649,664,652,654,652,696,718,766,767,741,764,775,812,820,788,787,796,788,812,829,830,840,883,886,880,891,868,871,886,876,892,866,862,885,891,919,930,936,956,998,1027,1131,1171,1159,1156,1063,1002,976,1015,1048,1034,1019,1012,1041,1045,1033,1012,985,1020,1034,1035,1052,1048,1098,1076,1011
Blackburn,647,626,651,637,611,609,611,635,667,674,679,658,654,665,638,645,225,652,601,601,576,540,560,598,621,632,624,587,577,566,573,583,556,548,550,547,584,583,605,601,592,603,585,610,633,680,684,699,698,693,715,702,734,732,751,735,738,772,764,802,775,745,756,763,814,863,870,901,928,943,971,981,961,955,968,935,912,898,904,891,904,909,855,847,855,885,926,972,980,986,998,1037,994,904
Box Hill,1247,1211,1266,1268,1262,1225,1180,1147,1126,1128,1159,1175,1212,1221,1195,1198,220,1207,1179,1190,1166,1136,1147,1118,1125,1067,1062,1069,1056,1148,1175,1192,1223,1238,1222,1237,1267,1273,1340,1351,1370,1405,1399,1437,1468,1522,1566,1623,1637,1711,1708,1701,1710,1685,1706,1756,1764,1807,1863,1868,1880,1861,1867,1899,1936,2013,2084,2143,2263,2266,2209,2249,2356,2677,2696,2718,2633,2498,2509,2527,2605,2656,2682,2625,2644,2612,2808,2975,3056,3078,3038,3044,2907,2741
Bulleen-Templestowe-Doncaster,1049,1054,1040,1041,1045,1060,1072,1092,1096,1039,1066,1068,1081,1121,1100,1100,250,1109,1110,1112,1076,1041,1019,1009,978,940,935,920,926,949,953,959,988,1021,1044,1050,1076,1064,1066,1091,1101,1102,1119,1129,1147,1169,1187,1227,1295,1338,1407,1493,1499,1521,1461,1427,1380,1400,1393,1377,1415,1466,1498,1509,1563,1586,1720,1853,1885,1990,2034,2039,2037,2049,1997,2058,2128,2142,2172,2210,2255,2234,2166,2012,1946,1979,2057,2108,2115,2061,2063,2053,2021,1885
Burwood-Ashburton,661,674,694,683,636,640,635,639,662,651,651,624,646,662,683,734,240,741,730,703,654,648,671,719,732,743,746,740,737,747,710,716,722,740,763,738,732,823,881,966,987,949,916,893,933,956,997,1008,1015,1028,993,973,1004,971,1025,1034,1016,1201,1182,1223,1253,1167,1188,1159,1176,1193,1207,1225,1219,1245,1310,1389,1395,1449,1440,1381,1404,1380,1322,1392,1403,1470,1453,1360,1365,1243,1359,1421,1421,1474,1447,1482,1435,1344
Camberwell-Glen Iris,1513,1489,1515,1521,1500,1538,1515,1494,1537,1523,1512,1474,1447,1425,1475,1484,245,1548,1509,1426,1437,1378,1372,1395,1342,1323,1351,1359,1366,1361,1330,1269,1293,1255,1290,1319,1345,1375,1375,1379,1400,1413,1427,1468,1432,1482,1521,1561,1604,1597,1627,1640,1642,1659,1632,1622,1676,1690,1697,1744,1752,1798,1850,1856,1882,1886,1902,1906,1948,1947,1926,1917,1868,1920,1903,1893,1846,1819,1821,1803,1849,1806,1725,1630,1597,1644,1832,1952,2014,1995,1932,1940,1914,1767
Canterbury-Surrey Hills-Mont Albert,699,720,733,718,711,704,708,722,727,728,722,688,690,685,688,704,250,682,649,635,640,648,677,691,673,640,634,594,573,590,577,598,602,649,678,706,711,666,683,669,659,656,644,650,698,709,691,703,676,679,704,712,725,726,727,702,693,728,745,767,800,780,747,739,729,732,744,752,756,748,751,753,770,772,803,797,761,757,710,747,776,758,763,704,693,720,763,764,773,792,782,844,832,756
Chadstone-Oakleigh,845,817,831,856,877,873,868,852,846,857,856,859,878,872,919,913,225,930,897,841,827,768,819,849,856,852,824,806,841,854,844,801,759,788,807,849,874,818,815,820,839,895,912,935,965,971,988,960,940,994,1008,1059,1065,1057,1075,1085,1079,1015,975,967,972,1052,1061,1056,1071,1030,1061,1068,1064,1152,1196,1219,1206,1170,1171,1185,1197,1210,1192,1181,1202,1239,1212,1177,1227,1310,1493,1595,1695,1580,1493,1482,1363,1307
Clayton,1242,1233,1280,1269,1265,1238,1229,1205,1253,1274,1275,1256,1260,1264,1270,1303,210,1389,1334,1351,1415,1426,1509,1527,1451,1425,1370,1285,1330,1308,1312,1304,1296,1237,1281,1341,1356,1348,1348,1410,1397,1546,1634,1680,1761,1846,1820,1817,1796,1689,1747,1757,1784,1909,1908,2044,2072,2113,2066,1931,1953,2024,2062,2077,2047,2063,2065,2127,2132,2080,2003,1979,1970,1994,1992,1971,1948,2015,2083,2127,2131,2209,2217,2279,2545,2484,2776,2827,2841,2992,2878,2881,2741,2453
Doncaster East-Donvale,825,869,883,901,905,898,898,896,880,884,889,907,905,902,921,910,250,937,900,865,869,847,881,892,837,807,774,770,784,789,799,786,755,734,744,762,827,837,792,813,796,810,848,821,837,839,837,838,827,836,837,838,851,841,850,855,845,854,859,878,892,888,911,945,998,1040,1022,1050,1045,1048,1075,1036,1047,1041,1043,1028,1019,1039,1086,1130,1131,1127,1049,1018,1024,1076,1151,1151,1164,1119,1103,1126,1119,1074
East Hawthorn,761,749,728,697,742,740,738,741,698,710,699,710,734,755,771,769,250,788,762,743,752,727,730,711,718,726,742,740,724,769,756,784,796,724,739,754,753,772,760,755,757,738,750,751,756,754,782,795,792,825,822,795,785,819,855,888,932,954,920,924,890,876,949,982,1136,1257,1194,1234,1198,1149,1191,1161,1092,1082,1061,1031,1018,1025,1058,1128,1147,1184,1133,1046,1063,1062,1173,1276,1348,1359,1352,1367,1317,1259
Glen Waverley-Mulgrave,1408,1404,1369,1397,1357,1359,1340,1322,1367,1398,1397,1407,1406,1439,1509,1517,240,1528,1441,1451,1469,1459,1540,1465,1434,1377,1327,1318,1291,1345,1328,1374,1373,1367,1440,1428,1445,1440,1432,1438,1493,1538,1564,1607,1610,1623,1633,1685,1756,1767,1785,1790,1743,1725,1696,1652,1648,1757,1810,1842,1920,1860,1858,1851,1898,1951,1998,2014,1958,2003,1946,1963,1966,1952,1999,1988,2007,1973,1953,1919,1955,2067,2055,2057,2059,2082,2253,2334,2401,2328,2226,2230,2119,1980
Hawthorn,1626,1652,1672,1682,1772,1788,1765,1708,1684,1678,1708,1724,1766,1738,1737,1730,230,1714,1706,1709,1691,1653,1714,1771,1761,1783,1716,1634,1634,1623,1654,1636,1624,1643,1649,1721,1807,1807,1816,1807,1790,1793,1832,1815,1842,1862,1939,2067,2088,2220,2148,2152,2174,2234,2299,2397,2346,2369,2376,2505,2542,2510,2431,2255,2298,2371,2423,2425,2476,2440,2425,2417,2328,2267,2273,2201,2222,2271,2183,2095,2058,1945,1954,1933,1979,1963,2116,2136,2150,2279,2263,2421,2397,2138
Kew,1252,1238,1249,1215,1180,1158,1163,1186,1220,1200,1172,1141,1129,1147,1165,1168,270,1141,1129,1130,1098,1072,1066,1043,1034,1016,972,965,957,1005,1035,1020,980,904,912,922,998,1009,1054,1063,1062,1081,1054,1052,1045,1063,1056,1075,1101,1090,1127,1114,1105,1139,1124,1186,1200,1210,1177,1133,1190,1183,1208,1243,1172,1199,1213,1205,1220,1219,1234,1250,1260,1256,1257,1226,1180,1170,1134,1148,1168,1157,1140,1049,1045,1070,1103,1135,1154,1150,1151,1183,1190,1082
Mount Waverley,702,698,708,712,714,677,642,661,666,685,686,689,691,682,691,681,240,676,655,645,614,605,646,645,612,605,582,609,654,656,673,656,670,682,684,684,697,717,713,731,715,736,767,775,802,792,793,823,809,811,791,771,787,784,807,811,837,861,863,882,890,875,910,921,948,987,1009,1032,1038,1029,1002,996,973,1000,976,973,967,978,1017,1037,1046,1047,1016,961,960,981,1017,1055,1089,1069,1071,1077,1034,962
Nunawading-Mitcham,723,721,733,708,698,693,691,721,716,715,726,741,763,779,780,780,215,780,784,768,759,735,745,742,726,704,682,679,668,691,683,695,704,695,689,695,696,706,706,679,678,675,693,718,712,716,715,738,746,765,772,741,773,868,908,952,956,902,889,902,926,928,936,984,984,1020,1042,1023,1005,973,993,974,989,1012,971,959,956,958,968,984,967,937,892,828,857,859,877,901,905,930,952,951,924,842
Vermont-Forest Hill-Burwood East,675,683,676,701,678,683,670,665,737,753,739,728,679,668,673,706,230,751,721,749,751,682,676,662,620,633,609,602,600,606,635,622,634,652,666,680,692,673,665,657,651,659,648,675,686,702,745,757,770,779,779,784,789,822,843,838,846,826,813,841,843,840,868,845,874,888,879,891,897,945,962,982,976,975,944,929,962,962,996,1031,1022,1005,985,938,911,933,1026,1072,1128,1151,1104,1140,1114,1059
Group Total,16699,16655,16840,16846,16816,16719,16551,16518,16726,16761,16834,16706,16805,16903,17052,17207,240,17437,16922,16715,16569,16093,16530,16615,16266,15999,15642,15322,15367,15671,15689,15649,15627,15573,15876,16199,16627,16652,16815,17005,17099,17419,17580,17803,18123,18474,18766,19205,19380,19662,19853,19908,20050,20383,20535,20855,20914,21335,21284,21452,21755,21738,21991,22003,22456,23015,23389,23847,24059,24308,24399,24464,24350,24634,24496,24249,24175,24143,24142,24369,24631,24791,24342,23497,23782,23888,25750,26708,27269,27395,26901,27356,26497,24564
Aspendale-Chelsea-Carrum,1420,1419,1376,1380,1395,1350,1427,1420,1469,1536,1512,1539,1521,1521,1530,1575,200,1550,1466,1424,1342,1269,1311,1318,1277,1270,1237,1215,1232,1267,1270,1262,1282,1288,1291,1321,1326,1333,1370,1356,1374,1362,1393,1386,1411,1424,1438,1526,1511,1576,1562,1556,1550,1503,1512,1497,1510,1493,1477,1463,1420,1396,1401,1454,1486,1521,1489,1440,1412,1478,1492,1494,1517,1434,1456,1459,1448,1483,1477,1504,1515,1573,1553,1437,1419,1339,1330,1339,1326,1306,1287,1312,1263,1215
Bentleigh,1409,1427,1444,1482,1519,1486,1462,1451,1453,1477,1473,1477,1459,1466,1464,1462,240,1511,1479,1479,1483,1434,1455,1446,1372,1383,1340,1345,1364,1357,1355,1363,1385,1371,1436,1450,1477,1503,1517,1544,1570,1589,1608,1609,1625,1674,1676,1716,1740,1779,1808,1863,1892,1878,1872,1830,1783,1811,1823,1868,1949,1919,1948,1915,1958,2068,2076,2175,2127,2126,2124,2091,2154,2244,2288,2381,2456,2505,2555,2502,2478,2408,2342,2263,2214,2214,2375,2478,2559,2526,2443,2458,2387,2273
Brighton,747,768,813,813,808,772,752,746,757,781,799,814,806,796,751,732,350,724,694,714,725,712,727,711,678,663,641,636,614,628,636,615,653,660,685,736,735,742,743,727,742,723,733,722,730,765,785,816,812,801,788,800,819,813,818,795,807,903,911,932,992,923,919,935,868,891,930,971,1012,1019,978,948,922,900,929,936,965,1010,996,986,938,884,862,834,913,934,990,996,936,949,898,891,877,808
Brighton East,352,353,357,350,357,369,357,363,364,348,352,337,355,344,341,351,315,341,345,349,334,320,333,331,334,321,311,303,301,321,323,324,334,342,340,340,341,318,356,367,353,366,325,324,337,329,334,337,349,363,371,386,388,418,446,427,444,416,399,416,393,398,378,378,394,399,440,441,430,450,435,421,419,412,406,411,436,422,425,429,424,438,426,413,396,384,396,412,440,430,418,406,384,376
Carnegie,988,998,1009,953,1013,1054,1056,1074,1069,1049,1054,1070,1021,1038,1072,1059,190,1085,1029,1003,985,1010,1017,957,958,858,849,856,822,847,854,810,856,868,870,906,892,852,834,855,894,919,935,929,944,984,1032,1073,1060,1052,1021,1023,1022,1064,1080,1062,1100,1100,1093,1162,1150,1141,1170,1169,1198,1255,1234,1211,1198,1216,1243,1234,1220,1208,1232,1278,1364,1340,1355,1303,1255,1335,1309,1323,1351,1329,1454,1525,1545,1554,1507,1485,1405,1286
Caulfield,1652,1672,1710,1730,1701,1626,1589,1551,1583,1597,1581,1592,1604,1586,1631,1615,230,1654,1628,1595,1609,1528,1598,1639,1618,1623,1574,1537,1530,1524,1568,1555,1555,1549,1566,1588,1626,1602,1570,1580,1594,1636,1651,1668,1666,1725,1742,1768,1766,1751,1736,1753,1825,1890,1976,2048,2052,2157,2142,2126,2162,2067,2057,2072,2013,1986,1981,2059,2244,2286,2376,2319,2246,2344,2260,2218,2221,2204,2220,2332,2451,2540,2505,2380,2268,2339,2605,2682,2781,2738,2664,2729,2683,2664
Cheltenham,1262,1235,1250,1258,1263,1294,1271,1276,1294,1292,1326,1336,1331,1332,1340,1331,230,1330,1311,1262,1246,1221,1191,1203,1174,1167,1149,1139,1108,1078,1104,1087,1136,1177,1155,1166,1137,1130,1188,1190,1223,1207,1225,1281,1287,1317,1315,1304,1334,1339,1326,1312,1367,1426,1463,1569,1562,1608,1628,1607,1637,1621,1629,1634,1642,1703,1716,1750,1757,1751,1803,1873,1929,1911,1946,1898,1911,1967,1951,1987,1968,1966,1912,1788,1764,1760,1818,1865,1910,1901,1877,1892,1839,1802
Elsternwick,581,572,562,567,607,592,584,585,569,584,572,572,609,624,628,640,231,627,592,592,589,566,616,597,588,568,533,567,583,604,605,588,580,556,554,550,548,566,562,544,534,563,557,586,593,573,575,579,589,626,690,704,718,671,604,623,600,605,633,596,612,636,659,684,682,669,638,668,680,694,737,735,735,755,728,695,712,693,669,671,611,615,670,693,778,856,886,859,873,898,874,886,852,720
Hampton-Beaumaris,840,836,873,861,920,932,928,946,948,959,961,948,935,958,989,963,305,953,902,835,890,898,947,991,975,944,922,886,828,870,872,877,928,923,934,952,965,962,975,980,970,968,975,988,991,1020,1032,1053,1086,1148,1143,1181,1201,1151,1158,1148,1144,1158,1181,1179,1209,1275,1316,1342,1343,1283,1254,1286,1269,1259,1256,1196,1199,1210,1241,1229,1233,1225,1189,1201,1218,1259,1270,1201,1205,1214,1195,1261,1222,1190,1191,1174,1119,1057
Malvern,447,460,468,465,474,450,448,442,440,443,447,464,443,452,453,471,270,480,464,451,408,382,381,383,384,378,381,347,347,357,355,379,388,387,385,389,420,426,427,448,436,440,441,428,418,418,409,418,415,408,421,419,429,484,509,502,511,491,482,514,499,506,502,473,507,493,529,554,524,524,496,491,509,497,491,493,481,499,497,489,495,465,448,393,391,457,534,607,604,571,540,536,530,492
Malvern East,733,710,697,702,676,688,704,703,704,709,728,731,747,727,718,728,250,771,756,771,759,780,818,784,762,765,767,803,808,791,778,736,756,806,822,848,869,801,784,793,763,808,817,810,833,861,922,947,964,1013,983,1007,1020,1053,1052,1062,1064,1069,1063,1039,1059,1092,1122,1136,1113,1074,1058,1090,1160,1176,1204,1225,1168,1156,1121,1103,1150,1358,1411,1487,1450,1296,1236,1140,1216,1194,1355,1441,1444,1496,1475,1512,1463,1399
Mentone-Parkdale-Mordialloc,1189,1184,1225,1272,1285,1276,1219,1176,1195,1208,1229,1234,1236,1231,1215,1222,195,1241,1188,1190,1204,1181,1248,1304,1262,1229,1163,1062,1049,1044,1050,1070,1064,1029,1067,1078,1107,1147,1177,1219,1243,1225,1182,1172,1171,1204,1209,1231,1247,1304,1414,1453,1486,1536,1497,1443,1446,1422,1413,1473,1463,1467,1502,1468,1454,1450,1448,1460,1504,1485,1477,1454,1400,1469,1442,1451,1458,1426,1438,1439,1464,1441,1413,1336,1300,1298,1279,1319,1376,1368,1398,1401,1378,1305
Murrumbeena-Hughesdale,788,818,836,843,849,821,796,810,790,821,827,805,831,802,780,748,210,761,744,786,796,763,783,770,763,741,727,683,681,659,641,626,608,615,653,689,714,720,670,696,710,705,751,756,777,795,780,780,770,778,772,761,794,792,856,871,834,854,851,857,865,896,877,880,903,939,937,917,905,835,836,841,862,882,914,922,921,951,915,944,920,924,895,831,868,894,1005,1049,1036,1009,967,976,942,875
Group Total,12408,12452,12620,12676,12867,12710,12593,12543,12635,12804,12861,12919,12898,12877,12912,12897,230,13028,12598,12451,12370,12064,12425,12434,12145,11910,11594,11379,11267,11347,11411,11292,11525,11571,11758,12013,12157,12102,12173,12299,12406,12511,12593,12659,12783,13089,13249,13548,13643,13938,14035,14218,14511,14679,14843,14877,14857,15087,15096,15232,15410,15337,15480,15540,15561,15731,15730,16022,16222,16299,16457,16322,16280,16422,16454,16474,16756,17083,17098,17274,17187,17144,16841,16032,16083,16212,17222,17833,18052,17936,17539,17658,17122,16272
Altona,1468,1519,1554,1571,1580,1597,1580,1616,1647,1633,1705,1729,1763,1818,1818,1814,190,1872,1845,1867,1889,1800,1891,1920,1930,2011,1934,1902,1915,2000,2054,2128,2239,2229,2340,2420,2474,2518,2554,2585,2706,2873,3027,3155,3267,3358,3470,3783,3952,4217,4305,4357,4341,4269,4239,4238,4221,4211,4251,4100,4132,4172,4197,4338,4443,4473,4510,4587,4718,4856,5032,5060,4938,4866,4884,4936,4976,5142,5155,5225,5273,5324,5278,4966,4983,4878,4914,4971,5063,5131,5141,5303,5152,4854
Footscray,761,733,742,749,776,765,757,741,708,696,706,696,722,741,768,799,165,794,789,765,766,775,768,761,738,726,716,699,698,668,726,742,745,794,774,819,842,856,851,856,858,935,1004,1031,1078,1066,1075,1086,1181,1239,1247,1269,1215,1214,1291,1331,1335,1328,1302,1305,1433,1461,1499,1482,1386,1375,1309,1386,1380,1467,1435,1363,1369,1396,1470,1491,1465,1361,1340,1317,1489,1530,1547,1553,1564,1591,1825,2063,2286,2389,2379,2392,2268,2192
Keilor East-Avondale Heights,606,632,673,708,738,766,773,791,784,795,807,801,887,954,954,986,220,936,939,986,981,981,956,948,948,987,960,927,898,857,835,809,813,797,808,838,853,838,857,858,888,941,937,975,975,996,1027,1039,1029,989,1017,1057,1082,1181,1239,1268,1292,1277,1245,1320,1395,1430,1447,1369,1371,1445,1461,1460,1438,1448,1450,1517,1515,1446,1442,1411,1459,1494,1506,1555,1574,1574,1539,1416,1351,1362,1458,1523,1552,1532,1503,1533,1526,1489
Melton,664,673,703,679,663,655,621,613,627,619,618,607,613,622,677,716,175,719,741,753,772,791,807,858,846,880,924,932,983,1011,1010,1002,1032,1069,1156,1218,1260,1289,1348,1386,1424,1497,1494,1574,1703,1817,1955,2085,2105,2149,2143,2171,2149,2103,2122,2001,1989,1920,1867,1884,1879,1887,1863,1880,1884,1900,1931,1932,1998,2072,2155,2259,2320,2339,2347,2365,2359,2385,2437,2561,2665,2785,2878,2754,2709,2651,2576,2634,2712,2768,2868,2956,2973,2935
Newport-Spotswood,656,638,654,670,655,651,639,617,607,598,589,615,651,650,651,668,210,653,625,625,595,600,625,640,644,619,623,644,632,657,660,631,636,630,623,600,619,623,624,663,655,640,647,649,682,702,723,722,693,703,705,742,738,731,750,720,729,744,765,757,768,771,740,757,767,766,784,806,826,851,822,798,803,783,811,825,815,839,838,825,835,819,796,758,754,764,805,828,809,815,810,838,839,803
St Albans-Deer Park,1245,1280,1323,1384,1316,1288,1293,1276,1311,1316,1353,1346,1345,1364,1391,1406,170,1476,1458,1456,1491,1487,1557,1538,1516,1493,1428,1440,1415,1408,1421,1370,1373,1435,1499,1508,1600,1584,1621,1728,1755,1793,1811,1870,1903,1920,1939,1956,1950,1970,2045,2044,2067,2179,2199,2183,2157,2046,1968,1995,2002,2013,2033,2007,2055,2044,2039,2038,1987,2052,2110,2133,2140,2140,2045,2001,1932,1853,1859,1894,1985,1965,1877,1696,1621,1636,1681,1783,1870,1917,2030,2085,2039,1952
Sunshine,978,987,1036,1039,1021,1054,1081,1087,1056,1064,1046,1034,1070,1104,1112,1127,160,1129,1017,1015,994,993,1052,986,962,945,929,947,930,944,965,971,989,938,939,950,998,1037,1001,1009,1037,1086,1208,1288,1307,1358,1359,1378,1424,1439,1441,1453,1492,1499,1564,1590,1524,1535,1461,1443,1470,1466,1526,1542,1557,1552,1540,1512,1485,1502,1493,1518,1539,1532,1523,1498,1509,1517,1532,1569,1551,1566,1521,1386,1365,1335,1385,1474,1552,1591,1625,1678,1602,1536
Sydenham,547,579,631,676,730,737,761,834,935,1033,1110,1160,1229,1301,1381,1425,210,1430,1377,1436,1447,1458,1559,1571,1620,1639,1633,1626,1595,1682,1723,1720,1761,1719,1724,1699,1654,1645,1702,1783,1861,1924,1926,1940,1971,1949,1992,2078,2083,1994,1946,1930,2013,2166,2211,2214,2183,2235,2268,2267,2282,2268,2260,2260,2221,2216,2202,2222,2222,2196,2186,2164,2161,2164,2235,2274,2336,2367,2344,2385,2427,2471,2447,2305,2328,2408,2519,2648,2784,2854,2941,3149,3214,3260
Werribee-Hoppers Crossing,1709,1764,1759,1740,1752,1735,1793,1755,1743,1766,1778,1824,1899,1939,1997,2148,185,2241,2292,2353,2388,2414,2516,2527,2482,2484,2522,2588,2701,2798,2839,2905,2971,3004,3098,3302,3507,3623,3797,3947,4099,4238,4346,4472,4498,4635,4731,4835,4965,5526,5633,5616,5562,5063,4989,4903,4822,4679,4575,4571,4651,4782,4848,4878,4879,4813,4842,4929,5041,5252,5373,5533,5744,6022,6342,6476,6598,6706,6878,7302,7571,7719,7894,7701,7932,8363,8620,9141,9476,9503,9575,9490,9155,8854
West Footscray,721,734,763,754,761,761,712,693,690,703,741,769,808,788,811,807,170,813,800,783,805,764,791,811,781,776,775,749,780,818,788,792,771,766,805,833,867,885,890,867,896,892,932,995,1008,1083,1116,1177,1205,1223,1226,1205,1239,1300,1351,1400,1372,1359,1353,1348,1388,1414,1402,1439,1483,1458,1508,1502,1513,1488,1469,1474,1403,1447,1424,1362,1352,1349,1371,1424,1442,1454,1439,1394,1426,1419,1508,1530,1553,1572,1562,1619,1596,1545
Williamstown,558,589,585,611,603,579,560,549,539,562,584,607,641,630,627,645,265,645,597,588,573,529,576,561,554,575,558,570,543,547,553,530,498,473,468,471,485,470,479,486,494,510,509,493,497,493,489,498,493,498,498,519,520,546,548,548,547,551,557,559,580,560,559,570,569,575,584,588,584,582,549,552,559,554,581,571,578,574,587,577,559,549,535,511,494,525,542,572,597,590,577,579,575,563
Yarraville-Seddon,935,940,953,961,967,940,920,929,931,944,949,964,1008,1038,1069,1034,210,992,933,902,913,874,926,920,887,884,847,822,852,887,889,905,900,900,922,953,984,943,972,985,986,1043,1067,1071,1094,1119,1099,1128,1123,1123,1136,1117,1117,1111,1135,1165,1182,1207,1197,1163,1177,1187,1197,1253,1266,1275,1259,1227,1222,1224,1202,1202,1209,1193,1236,1325,1348,1314,1295,1220,1230,1302,1304,1238,1226,1264,1296,1351,1370,1327,1375,1437,1419,1404
Group Total,10848,11068,11376,11542,11562,11528,11490,11501,11578,11729,11986,12152,12636,12949,13256,13575,185,13700,13413,13529,13614,13466,14024,14041,13908,14019,13849,13846,13942,14277,14463,14505,14728,14754,15156,15611,16143,16311,16696,17153,17659,18372,18908,19513,19983,20496,20975,21765,22203,23070,23342,23480,23535,23362,23638,23561,23353,23092,22809,22712,23157,23411,23571,23775,23881,23892,23969,24189,24414,24990,25276,25573,25700,25882,26340,26535,26727,26901,27142,27854,28601,29058,29055,27678,27753,28196,29129,30518,31624,31989,32386,33059,32358,31387
Broadmeadows-Roxburgh Park,618,618,653,681,687,692,681,690,719,760,756,778,782,805,866,941,190,969,919,930,897,910,1015,1049,1022,1009,998,964,994,1023,992,975,982,993,968,993,1017,972,1026,1048,1009,1040,1077,1094,1159,1191,1198,1226,1238,1265,1279,1300,1333,1379,1438,1473,1434,1417,1388,1340,1376,1363,1386,1446,1484,1531,1602,1704,1745,1776,1764,1707,1736,1778,1769,1764,1697,1664,1685,1740,1784,1771,1682,1541,1520,1560,1646,1753,1822,1838,1798,1768,1664,1554
Brunswick,1778,1941,1992,2010,1946,1869,1857,1882,1885,1913,1939,1892,1956,1935,1914,1932,217,1938,1932,1968,1993,1908,1956,1932,1885,1799,1727,1691,1679,1679,1630,1573,1486,1394,1431,1454,1498,1461,1484,1552,1630,1705,1676,1692,1691,1728,1815,1907,1971,2028,2007,1951,1902,1959,2008,1986,1954,1901,1852,1916,2070,2109,2111,2116,2013,2018,2028,1977,1984,1943,1965,1997,1983,2000,2028,2071,2076,2108,2041,1978,2002,1982,1959,1859,1931,2020,2216,2356,2352,2341,2258,2259,2181,2015
Coburg-Pascoe Vale South,958,936,949,967,984,975,950,929,932,945,968,951,961,959,952,983,210,989,953,932,928,888,941,971,945,961,922,902,911,895,884,881,856,844,897,925,935,970,968,957,1003,1041,1056,1097,1139,1171,1179,1246,1313,1376,1381,1328,1314,1259,1325,1353,1333,1363,1373,1388,1400,1394,1329,1328,1323,1323,1372,1364,1370,1394,1461,1502,1471,1461,1383,1403,1467,1459,1446,1409,1371,1363,1366,1299,1305,1352,1388,1467,1593,1587,1630,1709,1601,1476
Craigieburn,223,225,224,224,228,245,244,243,248,245,248,263,261,279,308,325,200,344,328,319,309,305,332,360,387,402,419,409,408,439,454,479,462,449,461,457,504,555,576,612,629,657,684,709,784,783,842,948,1014,1162,1204,1230,1220,1239,1290,1370,1458,1428,1462,1471,1514,1583,1608,1597,1626,1648,1729,1787,1834,1903,1865,1909,1948,1932,1993,2031,2059,2209,2310,2424,2535,2553,2583,2595,2610,2667,2697,2720,2774,2724,2759,2770,2714,2652
East Brunswick,395,364,338,309,311,306,322,372,392,408,390,369,400,413,427,412,260,405,394,406,409,409,418,431,447,420,421,391,368,352,342,333,352,389,401,415,398,372,369,389,408,462,484,492,494,520,523,565,607,600,607,589,595,651,668,703,787,823,975,1152,1106,1089,1018,882,1036,1079,1144,1401,1305,1299,1278,1119,1158,1181,1200,1269,1300,1347,1336,1289,1265,1218,1308,1285,1337,1501,1553,1589,1624,1567,1471,1478,1386,1232
Essendon,1531,1559,1577,1529,1540,1595,1545,1610,1607,1612,1669,1645,1718,1695,1721,1723,200,1682,1612,1598,1568,1554,1581,1565,1554,1536,1547,1531,1554,1539,1480,1435,1405,1363,1383,1374,1430,1436,1445,1457,1446,1486,1522,1620,1648,1727,1725,1730,1742,1747,1873,1947,2003,2014,1983,1934,1964,1977,2025,2050,2028,2099,2075,2134,2247,2250,2320,2313,2290,2394,2367,2374,2416,2362,2369,2326,2317,2270,2312,2371,2324,2409,2333,2245,2237,2207,2294,2342,2353,2425,2497,2566,2590,2446
Gladstone Park-Tullamarine,497,497,513,523,522,534,521,533,521,529,542,517,536,535,542,561,200,568,569,572,540,545,538,532,550,528,527,527,525,514,496,471,467,463,465,463,467,483,485,492,502,485,494,513,518,555,567,571,567,605,624,651,672,646,652,639,630,617,607,604,610,635,643,667,667,631,580,569,566,581,601,569,594,603,613,630,623,627,626,641,647,646,694,645,626,614,568,598,603,650,622,636,612,543
Keilor,63,76,86,92,94,86,79,69,69,62,70,71,64,69,63,68,233,70,65,62,55,55,67,70,78,81,70,73,70,67,76,73,71,68,68,69,65,63,57,63,60,66,66,58,64,54,61,58,61,67,75,82,81,80,76,76,75,82,79,75,80,71,65,66,62,65,69,66,62,65,66,66,68,63,65,61,59,56,54,62,64,65,56,53,50,50,53,53,47,57,54,59,63,49
Moonee Ponds-Ascot Vale,1192,1198,1213,1220,1226,1244,1209,1211,1191,1184,1198,1184,1166,1192,1208,1211,220,1262,1229,1241,1221,1226,1247,1248,1271,1230,1180,1156,1121,1069,1114,1099,1085,1076,1108,1143,1175,1224,1168,1165,1180,1161,1173,1224,1241,1256,1276,1245,1193,1332,1350,1324,1377,1290,1321,1369,1375,1385,1374,1376,1416,1444,1427,1484,1519,1526,1596,1606,1559,1605,1610,1592,1606,1581,1539,1471,1560,1745,1783,1905,1888,1903,1881,1759,1871,1824,1930,2030,1999,2005,2017,2043,1930,1751
Oak Park-Glenroy-Fawkner,1066,1085,1095,1078,1050,1046,1022,1021,1055,1075,1086,1099,1100,1095,1126,1177,180,1215,1194,1203,1183,1116,1169,1181,1138,1120,1059,1046,1065,1067,1098,1023,980,961,936,991,1039,1064,1082,1092,1165,1201,1245,1307,1319,1390,1434,1465,1493,1534,1574,1598,1636,1619,1665,1693,1653,1686,1630,1612,1675,1683,1706,1728,1718,1727,1798,1821,1890,1905,1894,1956,1945,2019,2042,2014,2000,1982,1993,2010,2046,2064,1998,1903,1899,1890,2084,2193,2280,2390,2314,2339,2273,2106
Pascoe Vale-Coburg North,642,693,720,707,711,715,698,693,699,675,681,689,673,658,686,692,200,685,672,675,663,652,652,644,634,645,663,654,644,615,613,597,623,647,662,673,707,697,707,720,690,714,713,740,806,863,890,892,881,888,876,912,943,956,1008,1025,1024,1037,1037,1061,1048,1065,1090,1093,1149,1146,1155,1195,1186,1196,1231,1233,1311,1344,1281,1293,1236,1235,1258,1254,1277,1281,1259,1168,1126,1146,1220,1275,1311,1284,1291,1295,1262,1213
Sunbury,547,547,573,584,576,572,585,556,572,590,588,623,615,616,640,613,200,646,664,655,714,717,738,758,700,688,673,666,720,763,767,778,770,734,704,686,657,657,693,689,715,701,711,745,747,783,761,783,811,840,905,909,934,937,951,950,933,960,928,961,973,950,976,938,939,931,885,903,885,890,899,889,922,945,953,962,948,909,906,892,913,945,953,881,848,831,825,879,855,829,822,814,817,822
West Brunswick,790,695,668,653,667,679,651,642,622,660,677,657,690,699,717,757,185,758,725,711,688,665,679,681,688,705,671,639,613,582,585,570,577,601,644,724,768,738,709,679,678,715,729,712,735,734,744,750,748,822,917,996,1006,1000,977,1024,1068,1086,1051,1035,1051,1091,1097,1065,1038,1035,1070,1094,1145,1192,1191,1195,1201,1189,1199,1215,1197,1149,1129,1103,1093,1091,1221,1207,1236,1295,1338,1420,1443,1451,1359,1355,1371,1265
Group Total,10300,10434,10601,10577,10542,10558,10364,10451,10512,10658,10812,10738,10922,10950,11170,11395,200,11531,11256,11272,11168,10950,11333,11422,11299,11124,10877,10649,10672,10604,10531,10287,10116,9982,10128,10367,10660,10692,10769,10915,11115,11434,11630,12003,12345,12755,13015,13386,13639,14266,14672,14817,15016,15029,15362,15595,15688,15762,15781,16041,16347,16576,16531,16544,16821,16910,17348,17800,17821,18143,18192,18108,18359,18458,18434,18510,18539,18760,18879,19078,19209,19291,19293,18440,18596,18957,19812,20675,21056,21148,20892,21091,20464,19124
Bundoora-Greensborough-Hurstbridge,1488,1475,1535,1546,1544,1582,1582,1611,1609,1577,1541,1536,1622,1679,1733,1780,220,1812,1768,1770,1725,1707,1735,1751,1757,1753,1800,1804,1799,1893,1864,1873,1910,1876,1904,1970,2003,2040,2043,2041,2112,2156,2243,2363,2402,2518,2571,2662,2726,2981,3041,3041,3101,2963,3067,3122,3198,3237,3164,3179,3104,3124,3113,3101,3209,3242,3387,3454,3428,3418,3384,3329,3351,3287,3272,3359,3349,3352,3321,3292,3259,3200,3167,2915,2893,2846,2863,2989,3017,3081,3193,3258,3185,2982
Eltham-Research-Montmorency,711,684,711,711,730,751,745,778,772,775,801,776,804,805,791,806,235,788,734,741,725,698,711,680,657,655,662,629,599,590,578,606,621,618,615,588,600,599,605,638,646,665,677,694,688,689,690,689,702,705,730,719,730,746,721,723,715,691,697,702,721,732,732,717,716,728,749,767,748,716,707,682,689,701,686,705,681,672,657,642,649,666,684,641,616,609,578,610,625,615,621,618,635,609
Fairfield-Alphington,675,640,631,650,663,683,664,647,616,581,627,645,700,709,692,689,200,651,646,633,616,625,627,618,597,571,555,549,551,558,590,596,586,572,559,553,581,589,554,539,533,518,545,570,572,584,564,550,566,595,666,667,646,644,631,658,682,699,681,652,648,647,640,658,644,672,696,706,729,681,661,655,667,705,716,688,708,661,668,702,662,687,653,614,636,666,742,805,808,834,862,851,975,879
Heidelberg-Heidelberg West,827,863,875,838,831,835,840,851,906,900,918,911,873,878,871,877,215,912,882,866,895,868,916,925,911,887,868,884,857,875,854,872,911,882,913,889,859,907,946,954,975,970,950,992,1022,996,979,1023,1052,1109,1115,1087,1069,1101,1106,1115,1095,1089,1122,1146,1238,1267,1278,1295,1242,1237,1225,1209,1216,1253,1332,1377,1415,1427,1431,1415,1398,1395,1355,1368,1401,1414,1405,1323,1325,1354,1411,1493,1553,1557,1583,1596,1528,1457
Ivanhoe-Ivanhoe East,530,513,500,480,488,496,517,509,506,519,531,560,538,534,516,515,220,523,495,490,484,495,487,494,463,453,465,468,487,473,475,469,493,514,490,476,468,452,463,485,500,520,534,539,544,537,525,513,505,506,523,528,507,483,503,498,497,550,522,539,569,545,577,575,555,582,584,606,673,742,757,809,801,734,730,733,711,747,736,721,730,759,766,695,660,619,619,630,705,823,854,926,883,768
Mill Park-Epping,934,958,1020,1041,1063,1054,1025,1043,1034,1068,1098,1120,1141,1167,1177,1222,210,1281,1290,1309,1294,1292,1295,1316,1317,1312,1306,1250,1234,1232,1217,1235,1280,1232,1271,1306,1301,1423,1447,1494,1554,1554,1601,1718,1797,1840,1844,1903,1914,2024,2099,2080,2111,2073,2134,2215,2227,2210,2192,2152,2171,2181,2190,2170,2168,2225,2222,2232,2245,2222,2231,2200,2192,2197,2162,2110,2049,2064,2061,2118,2196,2138,2142,2003,1917,1926,1936,2019,2051,2051,2050,2073,2068,2034
Northcote,998,988,1028,989,1014,1012,977,995,998,996,1016,1027,996,992,981,961,230,976,949,968,1007,992,1014,1005,926,906,900,868,877,838,798,802,821,833,842,847,843,857,886,884,935,931,930,966,985,996,1008,1021,999,1067,1101,1096,1098,1093,1107,1164,1210,1244,1277,1304,1286,1287,1278,1255,1297,1306,1339,1342,1316,1370,1380,1403,1432,1423,1414,1428,1411,1391,1367,1303,1264,1251,1227,1208,1267,1290,1323,1332,1356,1369,1419,1486,1415,1285
Preston,1045,1061,1108,1114,1075,1054,1009,989,999,1019,1014,1021,1023,1010,1020,997,193,1008,945,935,942,885,940,945,955,980,972,937,908,913,928,928,952,928,884,921,925,979,1025,1053,1082,1108,1162,1193,1234,1214,1216,1226,1236,1374,1363,1443,1509,1459,1499,1436,1404,1393,1400,1410,1449,1490,1476,1527,1534,1596,1657,1683,1703,1695,1707,1735,1660,1628,1659,1593,1642,1591,1540,1590,1595,1744,1713,1579,1653,1610,1706,1803,1744,1777,1800,1898,1862,1722
Reservoir,1401,1411,1453,1410,1391,1407,1358,1350,1342,1347,1383,1382,1418,1428,1442,1465,180,1435,1391,1403,1423,1425,1465,1476,1428,1455,1443,1399,1401,1389,1391,1378,1366,1332,1317,1320,1381,1367,1389,1431,1448,1581,1593,1625,1674,1672,1743,1820,1830,1842,1843,1858,1932,2021,2053,2049,1996,1963,1986,1949,1974,2005,1983,1992,2044,2019,2048,2078,2068,2110,2099,2116,2079,2115,2140,2109,2115,2079,2071,2178,2188,2196,2113,1919,1943,1938,2065,2158,2227,2297,2313,2332,2314,2137
Thomastown-Lalor,717,734,763,757,724,723,686,693,688,679,707,692,690,712,705,736,180,780,743,764,761,745,804,794,769,777,750,722,705,685,688,691,695,672,626,598,608,633,670,701,722,718,749,777,820,860,860,946,972,1038,1078,1061,1033,1006,1051,1093,1102,1122,1068,1037,1051,1065,1074,1057,1089,1068,1114,1140,1116,1137,1109,1116,1123,1111,1138,1095,1122,1133,1099,1144,1137,1192,1182,1086,1079,1029,1074,1133,1141,1192,1209,1243,1221,1163
Thornbury,1174,1176,1186,1183,1123,1124,1110,1107,1110,1106,1106,1077,1091,1047,1046,1064,185,1085,1072,1087,1115,1045,1084,1083,1015,992,961,949,958,939,894,837,821,834,847,860,878,841,833,829,881,906,951,959,965,1003,1025,1038,1029,1119,1118,1121,1103,1035,1042,1056,1075,1064,1048,1079,1088,1148,1169,1178,1189,1176,1205,1216,1199,1195,1169,1179,1212,1236,1223,1189,1132,1078,1084,1059,1101,1113,1098,1083,1074,1127,1236,1303,1358,1355,1272,1288,1198,1104
Whittlesea,67,71,80,86,86,89,94,91,87,85,82,95,105,115,120,108,200,114,114,125,133,133,137,132,132,123,117,124,128,151,170,163,164,161,169,189,208,254,236,259,264,251,280,273,328,348,386,429,449,461,571,707,776,847,857,837,843,881,874,894,907,918,960,1008,1128,1198,1232,1282,1274,1310,1343,1303,1289,1253,1222,1225,1219,1272,1306,1402,1483,1571,1651,1609,1590,1582,1628,1671,1723,1724,1637,1636,1654,1605
Group Total,10567,10574,10890,10805,10732,10810,10607,10664,10667,10652,10824,10842,11001,11076,11094,11220,200,11365,11029,11091,11120,10910,11215,11219,10927,10864,10799,10583,10504,10536,10447,10450,10620,10454,10437,10517,10655,10941,11097,11308,11652,11878,12215,12669,13031,13257,13411,13820,13980,14821,15248,15408,15615,15471,15771,15966,16044,16143,16031,16043,16206,16409,16470,16533,16815,17049,17458,17715,17715,17849,17879,17904,17910,17817,17793,17649,17537,17435,17265,17519,17665,17931,17801,16675,16653,16596,17181,17946,18308,18675,18813,19205,18938,17745
Bayswater,529,531,544,552,552,555,531,507,494,491,513,518,516,512,501,507,185,509,495,507,510,496,487,479,472,450,462,448,441,473,468,452,444,423,402,417,435,440,464,468,448,443,434,452,490,517,515,531,554,553,599,589,556,549,568,573,577,605,589,610,626,612,596,585,593,597,660,685,718,737,715,687,673,685,665,684,679,675,692,686,674,685,679,626,615,562,542,579,578,605,615,617,621,591
Boronia,593,600,623,595,579,587,565,600,612,594,593,572,572,582,584,604,190,627,591,584,563,547,597,604,621,612,600,611,582,601,599,592,608,594,584,584,591,583,593,592,583,587,590,601,617,640,646,644,649,679,704,731,757,771,777,781,774,752,726,703,673,653,680,727,781,794,790,764,758,780,809,824,830,851,870,886,881,885,852,836,819,798,799,742,727,727,697,744,766,727,698,687,661,647
Croydon-Lilydale,1766,1765,1816,1852,1856,1871,1904,1920,1884,1915,1912,1917,2031,2054,2085,2112,195,2086,2035,1941,1885,1871,1904,1928,1908,1856,1791,1778,1796,1859,1938,1894,1845,1786,1705,1747,1818,1848,1890,1871,1847,1866,1917,1961,2011,2032,2013,2073,2072,2085,2088,2096,2121,2137,2189,2202,2244,2246,2237,2190,2202,2210,2265,2366,2378,2409,2428,2450,2480,2508,2521,2500,2503,2458,2407,2369,2362,2432,2449,2490,2505,2444,2383,2154,2037,1985,1941,2029,2011,2013,2071,2104,2159,2109
Ferntree Gully,439,452,493,490,467,469,450,468,465,440,448,432,449,482,490,490,195,481,443,435,436,447,474,446,433,410,396,412,409,406,430,438,451,455,418,427,427,429,443,457,441,445,444,428,443,458,467,480,507,512,564,588,572,561,506,486,507,518,520,513,501,499,520,517,517,534,538,554,582,589,597,608,623,600,626,626,603,641,630,628,619,592,565,530,506,488,478,504,536,546,537,517,502,507
Ringwood,1266,1237,1289,1293,1289,1313,1262,1269,1253,1264,1263,1287,1337,1345,1402,1339,190,1338,1325,1272,1305,1260,1268,1253,1214,1224,1175,1160,1172,1156,1165,1156,1116,1078,1077,1094,1144,1184,1221,1204,1202,1187,1187,1224,1213,1257,1224,1303,1318,1352,1407,1398,1420,1374,1420,1411,1437,1446,1403,1387,1407,1447,1431,1461,1486,1543,1596,1608,1601,1602,1630,1653,1676,1678,1653,1616,1583,1553,1597,1680,1736,1728,1648,1492,1424,1434,1475,1510,1575,1583,1570,1588,1515,1464
Rowville,348,345,351,356,374,384,402,411,427,429,445,472,477,496,491,481,240,491,503,508,517,493,479,464,439,438,416,382,393,419,430,462,459,433,442,449,452,454,462,443,433,446,436,442,455,464,469,476,468,436,452,467,464,460,447,452,469,490,460,475,493,512,561,570,541,553,552,543,558,552,539,525,555,548,562,581,580,605,586,593,606,595,596,526,479,455,459,495,495,491,464,455,449,434
Wantirna-Scoresby,664,655,645,655,676,653,662,666,648,638,648,638,685,764,774,796,230,792,738,723,704,698,720,735,716,683,663,657,669,684,663,620,627,616,641,646,662,673,671,698,684,689,687,680,693,692,703,723,772,807,810,841,821,809,836,816,801,808,797,827,838,872,896,934,1054,1085,1124,1158,1107,1126,1166,1176,1185,1174,1179,1157,1180,1223,1197,1200,1194,1209,1173,1084,1039,980,990,1050,1052,1085,1095,1115,1118,1036
Yarra Ranges,1294,1276,1290,1280,1286,1275,1286,1275,1241,1263,1248,1282,1319,1310,1318,1313,185,1303,1263,1278,1243,1235,1247,1199,1172,1159,1161,1192,1216,1228,1234,1223,1205,1201,1226,1200,1247,1230,1201,1196,1172,1175,1174,1192,1173,1135,1141,1132,1164,1265,1275,1297,1286,1222,1210,1194,1186,1172,1157,1145,1192,1179,1169,1147,1063,1094,1097,1082,1081,1069,1075,1068,1058,1033,985,948,933,904,900,937,945,946,934,840,773,751,688,716,730,712,740,741,734,728
Group Total,6899,6861,7051,7073,7079,7107,7062,7116,7024,7034,7070,7118,7386,7545,7645,7642,200,7627,7393,7248,7163,7047,7176,7108,6975,6832,6664,6640,6678,6826,6927,6837,6755,6586,6495,6564,6776,6841,6945,6929,6810,6838,6869,6980,7095,7195,7178,7362,7504,7689,7899,8007,7997,7883,7953,7915,7995,8037,7889,7850,7932,7984,8118,8307,8413,8609,8785,8844,8885,8963,9052,9041,9103,9027,8947,8867,8801,8918,8903,9050,9098,8997,8777,7994,7600,7382,7270,7627,7743,7762,7790,7824,7759,7516
Berwick,722,740,784,796,852,870,874,902,927,981,976,1016,1059,1077,1137,1170,210,1136,1113,1112,1115,1138,1214,1208,1159,1131,1061,1059,1081,1128,1171,1168,1189,1177,1189,1187,1186,1188,1174,1199,1227,1204,1216,1261,1258,1257,1263,1257,1264,1327,1325,1345,1410,1407,1440,1429,1406,1445,1468,1520,1484,1504,1541,1572,1658,1642,1645,1658,1681,1757,1780,1847,1889,1946,2064,2131,2157,2163,2196,2160,2201,2209,2092,1926,1847,1778,1752,1816,1851,1867,1918,2019,2029,2033
Cranbourne,856,847,851,818,827,823,807,836,825,799,794,792,842,891,944,977,175,972,921,903,913,956,1022,1013,980,948,966,1005,1026,1110,1111,1136,1175,1147,1200,1202,1227,1210,1164,1168,1131,1170,1240,1285,1403,1454,1477,1570,1578,1648,1698,1727,1766,1790,1765,1781,1807,1806,1911,2021,2156,2282,2396,2478,2461,2429,2422,2502,2621,2814,3007,3101,3228,3330,3511,3660,3805,3904,3963,4083,4182,4280,4151,3924,3758,3575,3527,3476,3523,3588,3568,3657,3688,3714
Dandenong,1475,1465,1477,1455,1427,1393,1391,1399,1386,1396,1434,1427,1464,1506,1480,1448,150,1432,1360,1307,1330,1262,1300,1324,1266,1250,1235,1167,1191,1256,1240,1293,1233,1196,1225,1214,1276,1289,1311,1368,1428,1430,1410,1465,1453,1549,1653,1666,1731,1734,1758,1836,1867,1887,1920,1917,1913,1906,1885,1852,1859,1943,2089,2249,2367,2366,2292,2206,2184,2239,2255,2285,2203,2189,2139,2126,2130,2092,2116,2100,2187,2262,2191,2008,1922,1852,1854,1963,2035,1995,1991,1976,1881,1806
Dandenong North-Endeavour Hills,1051,1059,1074,1041,1025,1023,974,959,945,929,936,953,944,961,1000,997,180,1037,994,966,946,897,942,937,939,933,868,878,832,810,857,807,858,888,892,903,901,896,917,1056,1143,1192,1241,1192,1210,1228,1233,1266,1270,1257,1249,1272,1259,1317,1342,1333,1328,1288,1294,1306,1333,1338,1307,1301,1294,1316,1321,1315,1328,1322,1354,1368,1392,1411,1399,1361,1346,1372,1348,1400,1415,1383,1347,1191,1112,1084,1103,1207,1204,1226,1250,1222,1234,1140
Narre Warren-Hampton Park,1128,1151,1152,1214,1231,1230,1274,1323,1365,1415,1437,1472,1504,1549,1622,1723,190,1781,1737,1715,1647,1624,1713,1706,1690,1712,1659,1648,1619,1626,1620,1579,1627,1610,1648,1647,1619,1608,1625,1709,1720,1746,1768,1785,1840,1864,1860,1924,1963,2012,2068,2089,2095,2064,2093,2034,2019,2047,2050,2092,2174,2222,2188,2199,2177,2152,2214,2226,2225,2292,2304,2335,2399,2390,2399,2458,2454,2480,2485,2513,2455,2444,2356,2073,1969,1904,1897,2028,2078,2092,2140,2133,2141,2024
Noble Park,1303,1283,1248,1203,1207,1252,1224,1230,1229,1193,1239,1208,1207,1215,1187,1211,160,1219,1151,1108,1078,1036,1116,1169,1162,1147,1113,1063,1065,1058,1056,1073,1041,1049,1047,1043,1097,1103,1129,1158,1156,1145,1136,1144,1199,1269,1272,1285,1266,1302,1337,1321,1377,1388,1417,1480,1445,1436,1439,1450,1448,1434,1446,1412,1460,1425,1465,1514,1523,1519,1440,1416,1384,1433,1437,1440,1435,1422,1414,1389,1423,1451,1409,1307,1237,1207,1267,1372,1418,1412,1399,1365,1305,1247
Pakenham,723,709,726,719,707,735,742,748,777,790,802,821,861,877,923,990,180,1010,1021,1029,1019,1019,1062,1082,1056,1073,1047,1029,1120,1166,1223,1247,1236,1299,1355,1448,1559,1565,1630,1680,1706,1759,1786,1794,1812,1821,1888,2015,2093,2267,2354,2406,2415,2368,2335,2289,2273,2258,2230,2209,2178,2198,2203,2240,2224,2134,2096,2057,2069,2136,2215,2238,2313,2280,2208,2242,2194,2262,2284,2281,2327,2369,2382,2223,2141,1969,1868,1956,1926,1942,1962,1904,1913,1801
Springvale,1244,1269,1269,1251,1208,1150,1170,1208,1234,1231,1235,1203,1189,1183,1193,1194,170,1186,1166,1133,1128,1143,1180,1163,1147,1147,1165,1151,1109,1081,1046,1032,1054,1101,1143,1181,1207,1194,1183,1185,1204,1185,1218,1261,1322,1387,1402,1405,1449,1474,1476,1566,1579,1591,1649,1592,1553,1544,1500,1480,1501,1509,1532,1588,1584,1602,1628,1647,1689,1735,1690,1743,1732,1792,1821,1805,1848,1840,1864,1878,1874,1879,1847,1719,1742,1766,1868,1972,2059,2111,2083,2069,1934,1713
Group Total,8502,8523,8581,8497,8484,8476,8456,8605,8688,8734,8853,8892,9070,9259,9486,9710,180,9773,9463,9273,9176,9075,9549,9602,9399,9341,9114,9000,9043,9235,9324,9335,9413,9467,9699,9825,10072,10053,10133,10523,10715,10831,11015,11187,11497,11829,12048,12388,12614,13021,13265,13562,13768,13812,13961,13855,13744,13730,13777,13930,14133,14430,14702,15039,15225,15066,15083,15125,15320,15814,16045,16333,16540,16771,16978,17223,17369,17535,17670,17804,18064,18277,17775,16371,15728,15135,15136,15790,16094,16233,16311,16345,16125,15478
Dromana-Portsea,1205,1187,1232,1260,1230,1268,1241,1263,1254,1252,1265,1257,1301,1280,1285,1314,170,1333,1329,1317,1325,1315,1330,1354,1382,1381,1394,1371,1312,1347,1386,1449,1489,1504,1569,1595,1629,1634,1630,1682,1682,1658,1661,1653,1624,1646,1615,1674,1732,1775,1809,1767,1848,1896,1961,1961,1952,1924,1908,1948,1951,1937,1930,1964,1903,1908,1907,1882,1911,1915,1907,1911,1939,1964,2017,2008,1957,1947,1902,1917,1964,1980,2005,1863,1684,1552,1379,1333,1319,1282,1371,1439,1459,1536
Frankston,2126,2232,2283,2295,2263,2203,2171,2188,2195,2245,2242,2336,2384,2380,2489,2495,180,2521,2505,2443,2421,2385,2422,2444,2437,2423,2387,2364,2329,2356,2410,2480,2544,2635,2664,2649,2688,2537,2510,2553,2567,2704,2746,2760,2762,2700,2684,2637,2672,2796,2804,2832,2812,2740,2779,2756,2808,2831,2866,2908,2924,2943,2895,2858,2790,2817,2839,2842,2802,2730,2707,2762,2863,2894,2883,2841,2718,2683,2650,2670,2757,2794,2756,2543,2403,2276,2219,2197,2149,2080,2051,2112,2073,2056
Hastings-Flinders,806,806,840,812,811,785,744,769,729,768,816,822,852,851,861,896,180,899,894,869,831,837,839,860,872,865,851,853,840,866,874,882,893,877,888,869,885,874,903,909,914,958,961,976,959,929,964,989,1035,1101,1083,1093,1119,1124,1114,1123,1126,1104,1134,1112,1112,1105,1093,1074,1009,988,955,934,934,908,910,908,881,840,794,794,801,822,834,816,826,844,802,776,751,692,687,665,600,618,620,632,689,694
Mt Eliza-Mornington-Mt Martha,1267,1261,1255,1220,1262,1284,1295,1336,1340,1311,1322,1325,1310,1345,1367,1399,220,1415,1354,1337,1367,1333,1366,1391,1323,1286,1295,1240,1176,1242,1185,1193,1213,1184,1243,1276,1352,1339,1335,1337,1334,1371,1366,1316,1307,1284,1277,1299,1284,1298,1352,1387,1448,1470,1472,1503,1474,1468,1453,1439,1423,1397,1358,1323,1334,1329,1350,1366,1357,1358,1352,1324,1311,1291,1276,1273,1220,1221,1210,1239,1296,1308,1332,1217,1126,1062,1010,1037,1047,1035,1066,1045,1045,1044
Seaford-Carrum Downs,1021,1037,1068,1034,1028,1010,1039,1073,1068,1105,1112,1144,1195,1238,1282,1297,180,1344,1284,1271,1227,1230,1289,1321,1357,1388,1423,1450,1496,1495,1526,1512,1507,1563,1559,1579,1573,1497,1470,1479,1478,1514,1500,1510,1509,1541,1637,1776,1866,1896,1866,1808,1818,1856,1948,1957,1986,1983,1910,1883,1845,1769,1745,1712,1679,1677,1653,1638,1686,1719,1757,1815,1772,1761,1769,1751,1828,1833,1832,1839,1772,1747,1702,1580,1528,1513,1522,1561,1540,1534,1519,1483,1485,1436
Group Total,6425,6523,6678,6621,6594,6550,6490,6629,6586,6681,6757,6884,7042,7094,7284,7401,180,7512,7366,7237,7171,7100,7246,7370,7371,7343,7350,7278,7153,7306,7381,7516,7646,7763,7923,7968,8127,7881,7848,7960,7975,8205,8234,8215,8161,8100,8177,8375,8589,8866,8914,8887,9045,9086,9274,9300,9346,9310,9271,9290,9255,9151,9021,8931,8715,8719,8704,8662,8690,8630,8633,8720,8766,8750,8739,8667,8524,8506,8428,8481,8615,8673,8597,7979,7492,7095,6817,6793,6655,6549,6627,6711,6751,6766
Belmont-Grovedale,1236,1221,1275,1284,1272,1259,1256,1239,1236,1254,1249,1246,1214,1191,1193,1243,180,1295,1299,1350,1316,1324,1357,1355,1382,1375,1390,1377,1367,1361,1349,1353,1327,1353,1383,1389,1426,1390,1434,1456,1482,1558,1530,1529,1521,1516,1539,1542,1567,1632,1592,1623,1654,1714,1785,1851,1858,1880,1914,1882,1922,1899,1882,1915,1952,1984,1991,1917,1916,1923,1961,2029,2088,2065,2014,1966,1866,1790,1786,1884,1931,1965,1979,1951,1926,1930,1922,1915,1931,1841,1865,1854,1850,1849
Corio,592,607,579,562,576,552,574,578,556,574,557,565,584,574,597,599,145,612,597,607,593,562,596,575,595,623,601,632,607,604,612,594,616,611,611,604,600,574,573,576,601,628,672,725,718,715,714,710,727,746,755,760,770,791,791,785,775,791,805,821,838,824,843,846,838,835,859,897,929,925,906,939,956,983,963,925,892,872,861,817,786,786,775,784,792,763,722,667,670,691,734,770,764,745
Geelong-Newcombe,1064,1063,1059,1066,1038,992,992,960,996,999,981,994,1018,1054,1115,1134,170,1127,1061,1023,1000,965,1000,1000,991,986,967,943,901,863,900,892,947,1013,999,1019,1020,983,1010,1007,976,992,974,988,1036,1055,1068,1114,1111,1172,1206,1180,1240,1251,1285,1330,1352,1375,1373,1335,1332,1305,1301,1334,1336,1339,1352,1358,1347,1399,1409,1377,1374,1360,1323,1342,1336,1282,1263,1244,1225,1265,1288,1340,1359,1289,1277,1208,1205,1204,1189,1191,1241,1195
Herne Hill-Geelong West,813,797,810,770,800,768,761,743,748,776,773,777,773,762,741,746,160,762,727,735,738,761,788,792,770,764,760,762,776,741,770,757,714,731,716,747,771,727,721,715,733,758,749,717,710,717,741,762,767,792,801,812,801,812,816,794,821,836,796,814,785,780,810,830,858,863,862,856,852,816,824,790,784,788,753,740,756,722,710,734,725,742,765,759,772,737,750,784,771,787,770,732,705,684
Lara,310,327,332,318,308,288,275,276,289,298,320,320,325,306,303,302,190,290,295,278,283,277,285,295,294,303,293,290,270,291,302,303,314,306,352,355,373,372,347,349,342,317,314,335,349,395,401,409,424,437,450,456,443,434,434,425,451,454,460,460,465,449,452,451,445,425,425,421,402,392,384,379,392,409,390,394,396,410,434,460,468,460,429,401,396,400,418,442,458,441,438,438,421,434
Newtown,446,434,443,451,421,444,437,437,436,425,424,433,463,470,478,481,175,473,452,449,454,452,455,454,429,416,452,458,476,508,467,469,475,450,475,457,431,412,404,436,449,477,465,437,428,417,442,445,458,481,458,449,472,450,456,459,435,425,436,440,459,453,453,464,457,478,480,491,478,468,455,451,437,413,392,391,371,365,390,395,397,429,430,427,452,443,426,425,420,398,400,378,283,285
North Geelong,464,447,458,482,500,508,495,492,447,461,463,473,517,517,541,533,165,544,522,501,529,531,546,560,535,510,527,505,504,551,531,546,558,532,547,566,567,546,546,547,564,596,596,623,633,643,652,646,656,673,691,680,652,675,692,739,755,740,754,758,817,824,795,794,767,795,818,834,853,820,829,808,786,797,815,827,842,850,837,804,799,800,772,777,775,751,744,756,760,752,749,727,719,714
Group Total,4925,4896,4956,4933,4915,4811,4790,4725,4708,4787,4767,4808,4894,4874,4968,5038,170,5103,4953,4943,4913,4872,5027,5031,4996,4977,4990,4967,4901,4919,4931,4914,4951,4996,5083,5137,5188,5004,5035,5086,5147,5326,5300,5354,5395,5458,5557,5628,5710,5933,5953,5960,6032,6127,6259,6383,6447,6501,6538,6510,6618,6534,6536,6634,6653,6719,6787,6774,6777,6743,6768,6773,6817,6815,6650,6585,6459,6291,6281,6338,6331,6447,6438,6439,6472,6313,6259,6197,6215,6114,6145,6090,5983,5906
Ballarat,995,981,979,963,876,864,850,838,855,898,908,923,940,936,947,970,165,950,925,903,931,987,1034,1068,1048,1003,855,871,711,531,666,526,731,975,1090,1388,1543,1720,1805,1807,1833,1861,1871,1894,1893,1866,1864,1885,1875,1795,1835,1862,1918,2004,1979,1984,1949,1985,2004,1964,2002,1930,1919,1996,2009,2087,2136,2127,2047,1976,1932,1867,1899,1930,1873,1824,1821,1715,1735,1779,1745,1745,1747,1769,1712,1703,1656,1568,1602,1550,1570,1553,1508,1492
Mount Clear-Buninyong,1131,1113,1129,1124,1032,1001,965,988,970,986,992,951,930,941,921,951,170,948,906,932,899,924,959,949,944,974,1117,1141,1331,1550,1414,1549,1364,1074,1016,727,593,416,304,304,307,318,312,282,287,287,313,337,325,405,413,414,431,365,358,364,369,371,371,377,370,347,352,338,335,339,338,346,338,321,328,326,311,308,286,267,274,268,259,271,257,246,260,268,270,261,243,237,231,210,211,194,187,198
Sebastopol-Delacombe,464,456,491,504,485,478,457,446,424,430,421,444,455,455,460,440,150,445,455,473,482,452,461,490,490,520,508,490,475,469,497,495,521,557,571,581,589,553,541,541,565,593,600,620,647,633,647,654,675,735,753,777,784,776,796,787,813,852,899,961,956,976,973,969,981,971,995,993,966,940,898,854,867,874,855,864,827,818,818,816,872,925,954,1007,980,936,951,937,983,1004,1015,1080,1059,1055
Wendouree-Alfredton,752,755,772,769,735,731,710,703,717,739,722,759,776,794,840,854,175,868,851,878,875,881,892,868,857,839,830,823,799,763,803,793,819,872,873,886,910,908,930,955,937,935,890,870,899,931,948,970,995,979,1050,1086,1110,1164,1194,1256,1234,1259,1251,1239,1303,1302,1326,1310,1304,1299,1303,1321,1349,1358,1355,1354,1310,1315,1277,1261,1236,1238,1235,1250,1296,1362,1417,1470,1500,1453,1462,1435,1415,1380,1335,1364,1373,1396
Group Total,3342,3305,3371,3360,3128,3074,2982,2975,2966,3053,3043,3077,3101,3126,3168,3215,165,3211,3137,3186,3187,3244,3346,3375,3339,3336,3310,3325,3316,3313,3380,3363,3435,3478,3550,3582,3635,3597,3580,3607,3642,3707,3673,3666,3726,3717,3772,3846,3870,3914,4051,4139,4243,4309,4327,4391,4365,4467,4525,4541,4631,4555,4570,4613,4629,4696,4772,4787,4700,4595,4513,4401,4387,4427,4291,4216,4158,4039,4047,4116,4170,4278,4378,4514,4462,4353,4312,4177,4231,4144,4131,4191,4127,4141
Bendigo,761,745,768,783,742,699,651,630,595,605,605,596,618,603,630,621,165,633,632,643,645,616,629,629,646,641,768,769,889,1080,973,1068,930,767,782,698,753,740,726,673,622,603,575,598,584,572,563,559,551,565,551,529,555,541,555,572,584,576,598,601,595,597,570,549,530,528,540,607,622,641,644,598,596,571,578,570,557,546,522,513,500,515,496,472,459,431,436,478,483,478,463,431,419,398
Flora Hill-Bendigo East,919,912,954,928,893,872,845,878,892,888,904,895,908,931,949,1008,180,1027,1014,1017,1007,1009,1062,1083,1082,1095,1023,1017,922,817,875,799,895,1020,1048,1133,1149,1129,1154,1166,1155,1125,1090,1084,1109,1121,1136,1109,1096,1074,1098,1145,1174,1238,1254,1284,1287,1299,1288,1273,1306,1290,1288,1308,1271,1267,1294,1270,1260,1269,1239,1232,1219,1165,1150,1126,1085,1049,1039,1032,1044,1054,1026,998,948,891,864,856,855,845,858,871,841,827
Golden Square-Kangaroo Flat,506,501,510,492,492,497,477,482,470,456,450,450,464,482,505,517,175,519,489,501,497,521,565,557,560,545,529,558,568,577,597,587,601,638,672,680,665,606,553,529,524,548,558,579,625,650,645,667,678,674,698,696,668,687,698,731,734,747,775,761,768,770,769,808,823,797,776,730,693,704,709,699,706,682,656,671,632,615,627,582,624,637,615,619,584,564,546,529,562,552,554,555,536,522
North Bendigo,534,528,543,540,536,522,495,477,433,443,448,452,470,476,489,523,165,546,525,524,529,507,547,553,545,596,566,581,543,500,550,545,594,676,682,732,763,727,704,673,676,676,693,699,683,693,699,712,745,769,825,916,950,978,1070,1118,1186,1225,1194,1184,1167,1199,1225,1244,1251,1248,1230,1186,1174,1140,1088,1055,1038,1019,1014,998,971,953,920,885,861,823,825,826,820,803,785,722,708,736,784,867,888,879
Group Total,2720,2686,2775,2743,2663,2590,2468,2467,2390,2392,2407,2393,2460,2492,2573,2669,170,2725,2660,2685,2678,2653,2803,2822,2833,2877,2886,2925,2922,2974,2995,2999,3020,3101,3184,3243,3330,3202,3137,3041,2977,2952,2916,2960,3001,3036,3043,3047,3070,3082,3172,3286,3347,3444,3577,3705,3791,3847,3855,3819,3836,3856,3852,3909,3875,3840,3840,3793,3749,3754,3680,3584,3559,3437,3398,3365,3245,3163,3108,3012,3029,3029,2962,2915,2811,2689,2631,2585,2608,2611,2659,2724,2684,2626
Bairnsdale,338,333,334,321,318,307,311,306,278,289,272,267,280,284,289,306,155,287,261,252,250,273,286,321,321,336,276,253,248,223,290,285,312,358,392,423,430,436,447,454,458,442,418,410,396,401,425,440,460,466,453,457,457,479,507,533,543,545,522,490,514,500,535,567,562,578,566,553,534,534,517,518,513,511,479,447,432,405,427,417,428,416,415,412,385,377,344,343,348,343,348,341,334,334
Benalla,367,365,398,396,385,388,370,366,353,342,347,336,342,332,322,325,157,325,336,329,320,313,313,312,315,352,347,347,361,344,359,376,383,380,385,381,382,400,398,399,408,403,421,429,421,432,444,455,462,468,439,446,443,420,437,432,440,444,420,411,417,406,425,435,420,445,426,432,427,413,428,402,398,384,386,400,387,378,363,341,359,375,380,382,368,344,338,366,355,360,356,328,342,365
Castlemaine,261,257,254,234,233,252,259,282,280,263,270,262,290,308,310,299,160,270,258,264,276,302,318,319,323,320,309,296,296,309,325,332,348,324,323,313,298,300,299,302,280,288,262,270,295,283,281,279,267,277,292,288,275,241,236,242,261,280,294,291,298,308,304,310,299,286,285,280,279,278,279,272,276,271,250,248,236,224,221,225,223,235,248,230,215,207,199,183,182,180,170,184,181,163
Echuca,524,534,524,497,501,466,473,466,458,463,471,470,454,480,475,504,180,547,545,547,562,531,536,545,518,525,502,513,529,543,565,561,533,569,600,589,634,599,570,583,548,539,551,538,544,545,536,553,513,492,494,454,492,483,451,455,456,452,452,455,449,476,478,492,488,472,467,456,448,448,462,472,470,481,484,461,450,452,446,457,473,459,454,434,407,403,377,363,357,327,339,345,337,351
Hamilton,344,344,352,376,382,368,363,342,328,313,309,296,297,303,283,285,130,283,264,281,277,283,307,293,298,283,283,325,317,341,346,314,338,328,334,344,337,342,335,343,336,348,340,349,346,324,326,295,297,295,302,323,319,341,329,323,336,325,330,329,327,340,340,358,366,366,386,372,384,383,376,363,345,343,343,343,329,326,288,288,286,292,312,308,299,258,258,253,257,255,252,233,226,216
Horsham,645,683,678,682,654,623,598,592,579,570,553,520,567,567,584,628,145,601,610,615,618,614,628,614,575,572,565,571,593,618,619,623,639,670,703,744,745,718,722,671,674,675,668,698,693,723,716,699,684,654,652,652,662,648,630,643,646,639,650,664,663,657,649,655,652,694,711,740,733,742,743,702,699,693,679,697,729,697,702,678,676,676,698,681,641,603,580,572,580,574,543,573,583,580
Mildura,1198,1224,1262,1268,1268,1245,1201,1205,1195,1210,1219,1214,1230,1264,1290,1312,160,1375,1348,1376,1392,1379,1400,1424,1381,1408,1411,1407,1442,1419,1410,1399,1358,1364,1425,1487,1577,1640,1622,1568,1548,1486,1462,1488,1515,1487,1470,1468,1429,1486,1530,1525,1508,1454,1458,1440,1442,1441,1429,1462,1516,1513,1510,1511,1461,1466,1446,1453,1485,1496,1505,1478,1463,1474,1451,1386,1344,1289,1266,1338,1376,1367,1325,1231,1141,1125,1149,1134,1169,1158,1152,1209,1192,1170
Moe-Newborough,526,529,543,550,520,499,499,508,499,536,508,493,488,470,487,513,100,547,546,568,557,550,562,565,561,541,521,496,519,545,543,535,504,494,515,508,520,527,534,534,519,514,500,511,532,534,554,598,597,587,586,573,565,577,576,557,583,588,565,560,534,538,565,575,594,600,613,638,628,616,590,574,578,576,571,548,535,521,507,507,526,497,487,453,415,437,438,433,431,405,409,420,401,413
Morwell,557,545,546,552,545,548,550,530,568,607,614,643,637,630,644,655,120,669,651,662,653,625,658,656,667,701,671,668,650,643,693,707,724,703,680,677,673,668,652,630,638,656,654,662,662,620,635,652,638,686,693,674,686,686,653,671,685,668,689,677,657,647,653,635,649,654,669,680,673,696,671,668,674,650,639,659,615,607,576,557,581,575,599,555,495,470,441,441,498,498,506,538,514,533
Ocean Grove-Barwon Heads,402,395,417,419,432,438,425,420,400,386,423,411,457,465,452,485,180,451,438,430,434,453,480,469,479,451,415,426,418,451,473,472,460,434,439,428,431,437,455,484,505,497,485,477,483,516,519,508,505,498,485,492,500,492,503,503,500,484,488,477,451,479,480,507,523,514,524,531,521,521,512,484,469,446,473,473,479,491,453,466,486,500,527,518,499,456,433,436,416,437,436,457,474,467
Portland,429,428,440,451,418,400,373,337,343,334,346,361,360,361,356,356,145,346,328,323,311,309,330,338,342,367,359,365,377,358,369,372,364,382,399,402,417,404,390,387,374,408,413,439,456,455,445,448,460,419,414,380,347,391,422,443,461,447,444,433,441,438,431,431,408,396,382,393,410,398,389,362,338,311,311,286,287,325,319,344,338,316,317,299,287,282,296,300,315,318,307,305,301,307
Sale-Maffra,768,769,738,731,686,694,704,713,733,704,693,684,641,637,631,637,135,626,616,632,635,649,684,686,653,665,527,504,513,508,640,653,678,705,735,782,782,808,812,775,802,791,781,816,822,842,841,866,850,849,874,877,929,941,970,922,901,918,902,948,939,943,974,984,971,951,928,954,1007,1091,1107,1073,1063,1049,1062,1070,1065,995,963,939,920,888,839,811,781,798,789,790,793,753,790,772,771,788
Seymour,249,251,258,259,243,236,203,199,201,201,208,209,201,216,220,223,140,246,221,228,221,200,236,233,240,245,173,163,161,191,245,248,248,250,245,255,277,249,246,224,204,178,179,193,181,181,173,167,168,181,184,189,194,196,202,187,180,187,176,189,195,193,197,180,172,169,178,186,201,202,195,192,178,177,185,181,184,177,166,187,189,187,192,190,191,192,192,177,160,158,149,149,146,143
Shepparton,1742,1754,1784,1727,1682,1616,1577,1648,1663,1721,1704,1682,1691,1722,1745,1738,165,1772,1706,1696,1698,1674,1648,1658,1614,1589,1600,1604,1616,1621,1624,1605,1604,1636,1684,1694,1765,1804,1819,1854,1805,1730,1703,1670,1671,1667,1665,1675,1688,1713,1723,1692,1702,1719,1720,1778,1713,1689,1669,1597,1655,1676,1704,1749,1739,1717,1667,1632,1590,1644,1692,1723,1772,1733,1691,1654,1568,1529,1543,1534,1588,1608,1577,1569,1497,1425,1401,1368,1427,1438,1426,1437,1390,1310
Swan Hill,421,410,394,390,373,370,370,358,354,361,362,383,400,411,413,390,150,382,373,363,360,358,351,363,381,375,292,293,283,299,376,376,390,416,474,486,499,501,460,453,429,414,432,441,471,458,476,486,482,489,475,481,470,461,447,430,422,428,425,411,422,405,428,430,421,421,413,405,400,404,400,420,417,405,389,378,371,374,373,360,377,363,335,308,284,292,311,339,347,357,340,343,328,299
Torquay,388,408,404,403,408,387,395,381,380,391,391,414,391,396,393,398,210,437,417,410,425,393,429,459,447,482,469,482,489,483,500,486,509,511,520,531,534,546,546,583,608,621,637,607,598,616,621,640,636,651,660,669,711,663,679,690,646,681,660,660,675,675,667,653,652,636,653,621,613,633,636,676,663,630,604,564,563,583,613,672,704,718,735,749,731,691,655,591,564,553,542,543,534,547
Traralgon,851,823,831,807,796,794,811,812,799,805,795,800,818,845,860,877,150,888,885,904,907,886,901,901,892,938,940,915,927,889,884,906,907,955,950,962,969,960,976,984,1038,1047,1040,1043,1046,1042,1069,1077,1069,1061,1063,1083,1064,1072,1096,1077,1095,1122,1080,1082,1069,1054,1068,1094,1104,1119,1127,1122,1118,1129,1132,1132,1130,1125,1129,1088,1074,1007,967,940,908,921,886,877,841,810,845,837,878,895,871,898,904,903
Wanagaratta,705,671,631,623,602,576,566,596,597,631,668,648,667,647,645,656,145,625,606,600,583,570,577,573,562,585,608,618,643,639,634,618,603,618,612,637,644,641,644,633,627,601,596,577,588,620,616,634,626,628,652,655,648,615,613,610,631,665,668,674,685,673,698,726,747,761,740,734,719,717,704,695,672,645,638,626,609,621,636,622,654,662,649,648,628,598,573,538,533,531,530,547,541,518
Warragul,385,367,382,366,365,356,329,320,346,344,361,365,344,355,353,380,170,389,387,396,389,390,403,406,399,412,406,416,420,425,436,417,406,398,411,396,401,384,356,373,375,363,367,361,363,386,387,408,407,421,460,454,465,466,455,482,495,490,474,468,487,495,506,507,499,502,505,490,479,488,522,548,528,512,466,453,465,472,487,502,516,528,570,589,600,581,540,515,507,522,512,515,523,497
Warrnambool,1266,1229,1204,1135,1069,1084,1087,1078,1092,1047,1074,1125,1157,1162,1153,1134,170,1142,1175,1172,1165,1166,1172,1157,1182,1191,1183,1206,1205,1180,1204,1195,1206,1247,1264,1290,1307,1258,1262,1267,1193,1151,1122,1086,1173,1210,1244,1302,1293,1346,1417,1454,1485,1491,1485,1469,1494,1540,1490,1502,1498,1407,1395,1406,1362,1409,1422,1401,1406,1390,1349,1296,1249,1215,1226,1205,1163,1102,1087,1050,1037,1038,983,976,937,870,865,854,869,854,844,870,859,867
Wodonga,1446,1439,1468,1449,1405,1364,1325,1305,1299,1309,1324,1326,1272,1258,1253,1289,175,1318,1322,1287,1270,1260,1281,1335,1283,1248,1209,1179,1205,1264,1312,1307,1359,1369,1406,1441,1427,1368,1361,1350,1318,1328,1340,1355,1391,1425,1434,1462,1497,1532,1544,1576,1580,1617,1594,1555,1564,1511,1531,1583,1623,1604,1592,1537,1515,1560,1597,1629,1582,1541,1512,1497,1478,1479,1446,1438,1456,1414,1403,1378,1378,1386,1376,1327,1287,1236,1195,1228,1259,1233,1267,1251,1191,1173
Group Total,13812,13758,13842,13636,13285,13011,12789,12764,12745,12827,12912,12909,12984,13113,13158,13390,155,13526,13293,13335,13303,13178,13500,13627,13433,13586,13066,13047,13212,13293,13847,13787,13873,14111,14496,14770,15049,14990,14906,14851,14687,14480,14371,14420,14647,14767,14877,15112,15028,15199,15392,15394,15502,15453,15463,15442,15494,15544,15358,15363,15515,15427,15599,15742,15604,15716,15705,15702,15637,15764,15721,15547,15373,15110,14902,14605,14341,13989,13806,13802,14023,14007,13904,13547,12929,12455,12219,12061,12245,12149,12089,12258,12072,11944
